model,normWIS_all,normWIS_ex2024
ensemble_vincent,0.5846423514602191,0.3250874453140212
ensemble_invwis,0.5876729502355728,0.3213786207499899
lgbm_quantile,0.5931484983354539,0.44331894218907486
mechanistic_traj,0.5947791768517496,0.43114408010185745
climatological_quantile,0.6057274778137856,0.3789009314193865
gru_negbin,0.6267461091956403,0.2984900011703909
seasonal_naive,0.6658489026839184,0.45382594039603985
naive,0.7596284855930129,0.7330358574334176
